accuracy,loss,val_accuracy,val_loss,learning_rate
0.6886957287788391,0.5530451536178589,0.7727890610694885,0.48255404829978943,9.999999747378752e-05
0.7587147355079651,0.47943440079689026,0.7374037504196167,0.5420613288879395,9.999999747378752e-05
0.7683357000350952,0.4660978615283966,0.8650022745132446,0.31971460580825806,9.999999747378752e-05
0.7732874751091003,0.4530034363269806,0.8499521613121033,0.33511507511138916,9.999999747378752e-05
0.7785341143608093,0.44734886288642883,0.8352041244506836,0.3718550503253937,9.999999747378752e-05
0.7797136902809143,0.44186830520629883,0.8328383564949036,0.37612754106521606,4.999999873689376e-05
